OBJECTID,Altitude,GlobalID,Road_Type,speed_limit,Type_Veimiljø,Type_Veimiljø Other,Type prøve,Date_and_time,Type_prøve,Prøve_ID,Corridor,CreationDate,Creator,EditDate,Editor,x,y
2,,26f4b463-f833-4923-abdd-a4a5f367202b,tettsted,40,rabatt/kantstein,,vei,7/1/2026 7:01:04 AM,Protokol A,101,,7/1/2026 1:40:23 PM,aydagho_NTNU_2025,7/1/2026 1:40:23 PM,aydagho_NTNU_2025,10.4071187139355,63.4169298013902
3,,4cbc8a97-afac-4d2d-9263-e0d4672fe487,tettsted,40,,Ved siden av sykkelsti,gjerde,7/1/2026 7:07:51 AM,Protokol A,146,,7/1/2026 1:40:23 PM,aydagho_NTNU_2025,7/1/2026 1:40:23 PM,aydagho_NTNU_2025,10.4072491588948,63.4168805093006
4,47.0411131943669,bbd7d380-bdd8-45f9-8216-b7032e1816c9,tettsted,40,"to felt,sykkelsti,rabatt/kantstein",,vei,7/1/2026 7:16:53 AM,Protokol A,104,,7/1/2026 1:40:23 PM,aydagho_NTNU_2025,7/1/2026 1:40:23 PM,aydagho_NTNU_2025,10.4112399625101,63.4153904079514
5,,2b939589-e678-4d46-87fd-1be4f0bd52bf,tettsted,40,"ett felt,Busslomme,sykkelsti",,vei,7/1/2026 7:33:23 AM,Protokol A,107,,7/1/2026 1:40:23 PM,aydagho_NTNU_2025,7/1/2026 1:40:23 PM,aydagho_NTNU_2025,10.4144021052422,63.413501514868
6,69.4289485933259,a86e9605-07da-40cd-a8b2-724d3b88474e,tettsted,40,"rabatt/kantstein,1 stk gangsti,ett felt,sykkelsti",,vei,7/1/2026 7:45:19 AM,Protokol A,110,,7/1/2026 1:40:23 PM,aydagho_NTNU_2025,7/1/2026 1:40:23 PM,aydagho_NTNU_2025,10.4205011530374,63.4140657535156
7,,9630fd36-3a0f-43d0-b9ee-4f3405beaf8b,tettsted,40,"1 stk gangsti,ett felt,sykkelsti",,vei,7/1/2026 7:57:24 AM,Protokol A,113,,7/1/2026 1:40:23 PM,aydagho_NTNU_2025,7/1/2026 1:40:23 PM,aydagho_NTNU_2025,10.4254664706943,63.4158485291804
8,102.95275123138,b0ca7a6e-5ac6-40d1-9bd9-6c0089983a4b,tettsted,40,"rabatt/kantstein,sykkelsti,1 stk gangsti,ett felt",Fasade,bygg,7/1/2026 8:02:51 AM,Protokol A,147,,7/1/2026 1:40:23 PM,aydagho_NTNU_2025,7/1/2026 1:40:23 PM,aydagho_NTNU_2025,10.4255247912675,63.4158298147405
9,,4d15f1c5-4215-48d6-929d-95a803749ae9,Privat Bolig,50,"ett felt,rabatt/kantstein,1 stk gangsti",,vei,7/1/2026 8:13:54 AM,Protokol A,116,,7/1/2026 1:40:23 PM,aydagho_NTNU_2025,7/1/2026 1:40:23 PM,aydagho_NTNU_2025,10.4311827126781,63.4157234683496
10,,7da2d62d-de8f-4fae-8059-a287430f5c11,tettsted,50,"gatelys,to felt,Busslomme,1 stk gangsti",,vei,7/1/2026 8:27:19 AM,Protokol A,119,,7/1/2026 1:40:23 PM,aydagho_NTNU_2025,7/1/2026 1:40:23 PM,aydagho_NTNU_2025,10.432609560748,63.4127927049025
11,,dbb1e814-6a3d-4b77-8476-fdd04ea42051,tettsted,50,"to felt,rabatt/kantstein",,vei,7/1/2026 8:41:04 AM,Protokol A,122,,7/1/2026 1:40:23 PM,aydagho_NTNU_2025,7/1/2026 1:40:23 PM,aydagho_NTNU_2025,10.4358003425967,63.4102772574338
12,120.35895926971,e393f1d9-0718-4bbb-aa2a-288c2bad2620,tettsted,50,"1 stk gangsti,to felt,rabatt/kantstein",Fasade,bygg,7/1/2026 8:41:53 AM,Protokol A,148,,7/1/2026 1:40:23 PM,aydagho_NTNU_2025,7/1/2026 1:40:23 PM,aydagho_NTNU_2025,10.4353597035008,63.410317709363
13,130.846064794858,d56c5c11-0587-451e-bd98-16a849f2aceb,Industri,70,to felt,Motorveg E6,vei,7/1/2026 8:54:03 AM,Protokol A,125,,7/1/2026 1:40:23 PM,aydagho_NTNU_2025,7/1/2026 1:40:23 PM,aydagho_NTNU_2025,10.4418418645072,63.4092032658508
14,,72e89f92-2420-46db-863e-1a3940b3d3df,tettsted,50,"1 stk gangsti,rundkjøringer,ett felt,rabatt/kantstein",,vei,7/1/2026 9:23:09 AM,Protokol A,128,,7/1/2026 1:40:23 PM,aydagho_NTNU_2025,7/1/2026 1:40:23 PM,aydagho_NTNU_2025,10.4471569836397,63.4090040909298
15,131.345497751608,5589c8ef-17a8-433e-b0a8-f7c5523ada86,Privat Bolig,60,,Gjerdelangs veg,vei,7/1/2026 10:57:53 AM,Protokol A,150,,7/1/2026 1:40:23 PM,aydagho_NTNU_2025,7/1/2026 1:40:23 PM,aydagho_NTNU_2025,10.4531088250376,63.4097438803741
16,,3ed1600e-2fe8-459b-b0a3-5a0bb59ccdd5,Privat Bolig,60,"ett felt,rabatt/kantstein,1 stk gangsti",,vei,7/1/2026 10:59:35 AM,Protokol A,131,,7/1/2026 1:40:23 PM,aydagho_NTNU_2025,7/1/2026 1:40:23 PM,aydagho_NTNU_2025,10.4530462773218,63.4097262941049
17,149.367435945198,bccd37b1-c51f-4a55-a5f4-694f483e1270,landlig,60,"ett felt,1 stk gangsti,rabatt/kantstein",,vei,7/1/2026 11:08:38 AM,Protokol A,134,,7/1/2026 1:40:23 PM,aydagho_NTNU_2025,7/6/2026 11:58:50 AM,lukasval_NTNU_2026,10.459285413216,63.4104317342347
18,,9d10a90f-291b-4048-a2e8-da1c349c1d47,landlig,60,"ett felt,1 stk gangsti",,vei,7/1/2026 11:24:33 AM,Protokol A,137,,7/1/2026 1:40:23 PM,aydagho_NTNU_2025,7/1/2026 1:40:23 PM,aydagho_NTNU_2025,10.4652174449352,63.411404570883
19,,bcaf5870-a45f-47fb-a9b7-64788b97a49d,landlig,60,"ett felt,1 stk gangsti,rabatt/kantstein",,vei,7/1/2026 11:38:21 AM,Protokol A,140,,7/1/2026 1:40:23 PM,aydagho_NTNU_2025,7/1/2026 1:40:23 PM,aydagho_NTNU_2025,10.4713894334785,63.4103002812669
20,,12d4ac10-7564-4097-9ef1-40159d7c280a,tettsted,60,"Busslomme,1 stk gangsti,ett felt",,vei,7/1/2026 11:52:47 AM,Protokol A,143,,7/1/2026 1:40:23 PM,aydagho_NTNU_2025,7/1/2026 1:40:23 PM,aydagho_NTNU_2025,10.4714049920884,63.4078037272753
21,160.553653789684,13299b8c-1611-4b91-a4d4-1498d27e5755,tettsted,50,"2 stk gangsti,Busslomme",,gjerde,7/1/2026 11:54:11 AM,Protokol A,151,,7/1/2026 1:40:23 PM,aydagho_NTNU_2025,7/1/2026 1:40:23 PM,aydagho_NTNU_2025,10.4712768513073,63.4078079997678
22,,a5c16981-a052-4280-9633-24b9938f802c,By,40,"2 stk gangsti,gatelys,1 stk gangsti",,vei,7/6/2026 8:36:01 AM,Protokol A,201,,7/6/2026 8:40:13 AM,millirn_NTNU_2024,7/6/2026 9:05:42 AM,millirn_NTNU_2024,10.3924457456711,63.4303976051684
23,,848dd617-327c-4ef9-b642-5f56cc448b4a,By,40,"gatelys,1 stk gangsti,to felt",,vei,7/6/2026 8:53:41 AM,Protokol A,204,,7/6/2026 8:54:11 AM,millirn_NTNU_2024,7/6/2026 9:05:23 AM,millirn_NTNU_2024,10.3930303609177,63.4279875521872
24,,b443e782-7522-434c-b46e-1ba31d62b637,By,50,"1 stk gangsti,Busslomme,to felt,sykkelsti",,vei,7/6/2026 9:04:23 AM,Protokol A,207,,7/6/2026 9:05:10 AM,millirn_NTNU_2024,7/6/2026 9:05:10 AM,millirn_NTNU_2024,10.3939314653103,63.4252701148571
25,,a7497a22-3332-4e3d-ad09-c76c76c6fb6b,By,50,"1 stk gangsti,to felt,gatelys",,vei,7/6/2026 9:18:04 AM,Protokol A,210,,7/6/2026 9:20:18 AM,millirn_NTNU_2024,7/6/2026 9:20:18 AM,millirn_NTNU_2024,10.3947326015628,63.4225657161131
26,,6679f30b-c2b2-4671-9cc4-5d64ab197d8f,By,50,"gatelys,Busslomme,1 stk gangsti,to felt",,vei,7/6/2026 9:31:26 AM,Protokol A,123,,7/6/2026 9:36:19 AM,millirn_NTNU_2024,7/6/2026 9:36:19 AM,millirn_NTNU_2024,10.3957823055917,63.4202355144184
27,,91418684-7e9f-46b1-a06b-6ee5772b7bbd,By,50,"1 stk gangsti,to felt",,bygg,7/6/2026 11:23:48 AM,Protokol A,247,,7/6/2026 11:24:24 AM,millirn_NTNU_2024,7/6/2026 11:24:24 AM,millirn_NTNU_2024,10.3970826650816,63.4177577518905
28,,987c0b19-6b5d-4b5d-b4ae-4bcf1cc6db2d,By,50,"1 stk gangsti,to felt",,vei,7/6/2026 11:27:30 AM,Protokol A,216,,7/6/2026 11:32:41 AM,millirn_NTNU_2024,7/6/2026 11:32:41 AM,millirn_NTNU_2024,10.3970697119935,63.4176965496009
29,,2e7697d6-8437-4a89-8e5b-74aa8312911b,By,50,"Busslomme,1 stk gangsti,to felt,gatelys",,vei,7/6/2026 11:44:39 AM,Protokol A,219,,7/6/2026 11:45:47 AM,millirn_NTNU_2024,7/6/2026 11:45:47 AM,millirn_NTNU_2024,10.3983289621554,63.4152441450649
30,,f0603435-0ac0-430f-8597-039aed96e00b,By,60,"gatelys,1 stk gangsti,to felt",,vei,7/6/2026 11:59:41 AM,Protokol A,222,,7/6/2026 12:01:37 PM,millirn_NTNU_2024,7/6/2026 12:01:37 PM,millirn_NTNU_2024,10.3993169480922,63.412737446352
31,,0a6ffca1-5ae6-4802-9659-ce87b3eb0d8f,By,60,"1 stk gangsti,to felt",Tre felt,vei,7/6/2026 12:14:16 PM,Protokol A,148,,7/6/2026 12:14:35 PM,millirn_NTNU_2024,7/6/2026 12:14:35 PM,millirn_NTNU_2024,10.3993318701382,63.4101759461507
32,,5de33709-5ed8-465f-b950-eaf16e54fc44,tettsted,60,"ett felt,to felt,1 stk gangsti",,vei,7/6/2026 12:15:19 PM,Protokol A,225,,7/6/2026 12:15:54 PM,brorrin_NTNU_2026,7/6/2026 12:15:54 PM,brorrin_NTNU_2026,10.3992735549012,63.4101378781829
33,,8dbe1d4c-806d-436c-8724-d61bd48ce000,By,60,"1 stk gangsti,to felt",Tre felt,vei,7/6/2026 12:31:17 PM,Protokol A,228,,7/6/2026 12:31:40 PM,millirn_NTNU_2024,7/6/2026 12:31:40 PM,millirn_NTNU_2024,10.3984840195051,63.4075791522312
34,,270482b7-eff4-4c70-b8fe-c3e998911c57,Industri,60,"Busslomme,1 stk gangsti,to felt",Tre felt,vei,7/6/2026 12:42:11 PM,Protokol A,231,,7/6/2026 12:43:04 PM,millirn_NTNU_2024,7/6/2026 12:43:04 PM,millirn_NTNU_2024,10.3974632400931,63.4050772277238
35,,cda3d6a7-5cf5-41e3-a4fc-439520602dd8,Industri,60,"to felt,1 stk gangsti",,vei,7/6/2026 12:55:15 PM,Protokol A,234,,7/6/2026 12:55:39 PM,millirn_NTNU_2024,7/6/2026 12:55:39 PM,millirn_NTNU_2024,10.3992902314492,63.4035406166004
36,,d9b3e15a-44eb-4408-b44c-0dcdfd1336c5,Industri,50,"rabatt/kantstein,1 stk gangsti,to felt",,vei,7/6/2026 1:11:00 PM,Protokol A,237,,7/6/2026 1:16:18 PM,noraleh_NTNU_2026,7/6/2026 1:16:18 PM,noraleh_NTNU_2026,10.4025762590148,63.4012964312425
37,,13bab40e-b7dd-470e-8fa5-c0eb4907545e,Industri,30,"rabatt/kantstein,1 stk gangsti,ett felt",,vei,7/7/2026 7:05:17 AM,Protokol A,240,,7/7/2026 7:05:55 AM,noraleh_NTNU_2026,7/7/2026 7:05:55 AM,noraleh_NTNU_2026,10.4025221402728,63.3990475299339
38,,386c94bc-b58b-451c-a02d-19d9c6058c74,Industri,50,"ett felt,1 stk gangsti",,vei,7/7/2026 7:27:46 AM,Protokol A,243,,7/7/2026 7:28:11 AM,noraleh_NTNU_2026,7/7/2026 7:28:11 AM,noraleh_NTNU_2026,10.3978319294015,63.3975651859862
39,187.979206159711,23a251fe-93f0-4d22-a0f3-b3ff23776642,landlig,50,"1 stk gangsti,ett felt",,vei,7/13/2026 7:39:01 AM,Protokol A,301,,7/13/2026 7:41:45 AM,lukasval_NTNU_2026,7/13/2026 7:41:45 AM,lukasval_NTNU_2026,10.3135572661691,63.3765549631186
40,169.634643554688,47e8f1c9-c2b7-481a-ac73-7315ced0da6d,landlig,60,"ett felt,1 stk gangsti,rabatt/kantstein,rundkjøringer",,vei,7/13/2026 7:51:40 AM,Protokol A,304,,7/13/2026 7:54:19 AM,lukasval_NTNU_2026,7/13/2026 7:54:19 AM,lukasval_NTNU_2026,10.3151773761995,63.3803771444249
41,,bec5b49f-cc18-4ef8-a680-eb1cabafbb1a,landlig,60,"1 stk gangsti,ett felt,Busslomme",,vei,7/13/2026 8:08:49 AM,Protokol A,307,,7/13/2026 8:10:37 AM,millirn_NTNU_2024,7/13/2026 8:10:37 AM,millirn_NTNU_2024,10.3217686213501,63.3837050558789
42,166.483477063477,ccf393ff-f6c7-4d68-a268-fa03c1562125,landlig,60,"1 stk gangsti,rundkjøringer,rabatt/kantstein,ett felt",,vei,7/13/2026 8:21:24 AM,Protokol A,310,,7/13/2026 8:23:53 AM,millirn_NTNU_2024,7/13/2026 8:23:53 AM,millirn_NTNU_2024,10.3287880095418,63.3878247749921
43,153.722045898438,1b2b0409-a90e-475f-891c-b53a294ba21b,landlig,60,"1 stk gangsti,ett felt,rabatt/kantstein",,vei,7/13/2026 8:34:22 AM,Protokol A,313,,7/13/2026 8:38:24 AM,lukasval_NTNU_2026,7/13/2026 8:38:24 AM,lukasval_NTNU_2026,10.3403322311826,63.3881981829507
44,143.078189754859,16b3f2af-b77c-4e11-8550-b5620e879214,landlig,60,"1 stk gangsti,rabatt/kantstein,ett felt",,vei,7/13/2026 8:52:14 AM,Protokol A,316,,7/13/2026 8:55:07 AM,millirn_NTNU_2024,7/13/2026 8:55:07 AM,millirn_NTNU_2024,10.3473835926234,63.3910839095633
45,,49341900-0054-4da9-a747-0bf44e93b4a5,landlig,60,"1 stk gangsti,ett felt",,vei,7/13/2026 9:08:10 AM,Protokol A,321,,7/13/2026 9:08:51 AM,millirn_NTNU_2024,7/13/2026 9:08:51 AM,millirn_NTNU_2024,10.3525997417441,63.3959506316824
46,,e6e07f77-477b-4eec-bf74-4d39215bc662,tettsted,50,"1 stk gangsti,sykkelsti,ett felt",,vei,7/13/2026 9:36:19 AM,Protokol A,325,,7/13/2026 9:37:21 AM,brorrin_NTNU_2026,7/13/2026 9:37:21 AM,brorrin_NTNU_2026,10.3587306417609,63.4053056840992
47,170.7,d984c975-0a8e-4866-ab19-e0ef4174a88f,tettsted,50,"1 stk gangsti,to felt",,vei,7/13/2026 10:40:30 AM,Protokol A,328,,7/13/2026 10:41:00 AM,brorrin_NTNU_2026,7/13/2026 10:41:00 AM,brorrin_NTNU_2026,10.3607546167164,63.4108136166354
48,106.293312144466,9401db55-f699-49a2-b93f-110b7b7959f8,tettsted,50,"to felt,rabatt/kantstein,2 stk gangsti",,vei,7/13/2026 10:54:54 AM,Protokol A,331,,7/13/2026 10:57:12 AM,lukasval_NTNU_2026,7/13/2026 10:57:12 AM,lukasval_NTNU_2026,10.3684301918761,63.4156392990352
49,118.5,7da1917d-c894-4343-a9b1-13a0d5082c7f,tettsted,50,"1 stk gangsti,to felt",,vei,7/13/2026 11:12:23 AM,Protokol A,334,,7/13/2026 11:12:48 AM,brorrin_NTNU_2026,7/13/2026 11:12:48 AM,brorrin_NTNU_2026,10.3724824166677,63.4197837998129
50,,d9287f64-f0bd-4297-bb2b-03e159812fb4,tettsted,50,"to felt,1 stk gangsti",,vei,7/13/2026 11:24:36 AM,Protokol A,337,,7/13/2026 11:25:28 AM,brorrin_NTNU_2026,7/13/2026 11:25:28 AM,brorrin_NTNU_2026,10.3719467955552,63.4235190446222
51,21.023681640625,7021960f-9147-4a95-9360-533590767f83,By,50,"1 stk gangsti,rundkjøringer,2 stk gangsti,to felt",,vei,7/13/2026 11:39:50 AM,Protokol A,340,,7/13/2026 11:41:06 AM,lukasval_NTNU_2026,7/13/2026 11:41:06 AM,lukasval_NTNU_2026,10.3670712568788,63.4277764993411
52,23.2789306640625,5175bad6-68bf-4961-a8b9-e956fcce27ac,By,50,"rundkjøringer,2 stk gangsti,to felt,ett felt",,gjerde,7/13/2026 11:46:39 AM,Protokol A,346,,7/13/2026 11:47:39 AM,lukasval_NTNU_2026,7/13/2026 11:47:39 AM,lukasval_NTNU_2026,10.36708006971,63.4278026682648
53,37.2726174378768,5fa5f103-328f-4cf7-a643-8e0636a96701,tettsted,60,"1 stk gangsti,Busslomme",,gjerde,7/14/2026 11:42:07 AM,Protokol B,401,,7/14/2026 11:43:21 AM,millirn_NTNU_2024,7/14/2026 11:50:13 AM,millirn_NTNU_2024,10.4079822012273,63.4127446647782
54,,f81e65bb-3265-4570-bcd8-92529717e1ee,tettsted,70,"1 stk gangsti,ett felt",,gjerde,7/14/2026 12:09:07 PM,Protokol B,404,,7/14/2026 12:13:58 PM,millirn_NTNU_2024,7/15/2026 8:14:55 AM,millirn_NTNU_2024,10.4417271343174,63.4091818246596
55,,846e2ee7-6021-4474-9830-d647f2b647d1,tettsted,70,"rundkjøringer,to felt",E6,gjerde,7/14/2026 12:37:50 PM,Protokol B,407,,7/14/2026 12:38:42 PM,brorrin_NTNU_2026,7/14/2026 12:38:42 PM,brorrin_NTNU_2026,10.4224981221276,63.4075104268015
56,,60bbe163-9801-486b-8d06-c2ca330484ac,tettsted,70,Busslomme,,gjerde,7/14/2026 1:08:53 PM,Protokol B,410,,7/14/2026 1:11:12 PM,noraleh_NTNU_2026,7/14/2026 1:11:12 PM,noraleh_NTNU_2026,10.4074140150881,63.4022767828929
57,,efdcd193-ec4e-42d5-8ad4-53d4308c61dd,tettsted,70,"to felt,ett felt",,gjerde,7/14/2026 1:26:51 PM,Protokol B,413,,7/14/2026 1:29:12 PM,noraleh_NTNU_2026,7/15/2026 8:16:33 AM,millirn_NTNU_2024,10.3956144715611,63.399820265166
58,,6622e51c-a684-4fbf-85dc-cbcc850c90d5,tettsted,60,"ett felt,1 stk gangsti",,vei,7/15/2026 8:10:21 AM,Protokol A,324,,7/15/2026 8:11:37 AM,millirn_NTNU_2024,7/15/2026 8:11:37 AM,millirn_NTNU_2024,10.357728197422,63.4003577946051
59,,01ede193-f3e7-4ccb-97ef-36a74458b13b,Privat Bolig,30,1 stk gangsti,,vei,7/20/2026 9:40:15 AM,Protokol B,501,,7/20/2026 9:40:49 AM,noraleh_NTNU_2026,7/20/2026 9:40:49 AM,noraleh_NTNU_2026,10.4341216912592,63.4405340868249
60,,4e4ac87c-2ce5-4d17-9808-0458904dda4c,By,40,"rabatt/kantstein,1 stk gangsti,ett felt,sykkelsti",,vei,7/20/2026 10:14:51 AM,Protokol A,504,,7/20/2026 10:18:38 AM,millirn_NTNU_2024,7/20/2026 10:18:38 AM,millirn_NTNU_2024,10.4183048710921,63.4299817314646
61,,63b4ffae-9f86-4754-b09b-574631e852b4,tettsted,30,"ett felt,1 stk gangsti",,vei,7/20/2026 10:45:32 AM,Protokol A,507,,7/20/2026 10:45:50 AM,millirn_NTNU_2024,7/20/2026 10:45:50 AM,millirn_NTNU_2024,10.4138042626993,63.4228667721515
62,,70a7c320-be60-4d99-9ae0-7f2b97e1890f,tettsted,40,"1 stk gangsti,ett felt",,vei,7/20/2026 11:09:45 AM,Protokol A,510,,7/20/2026 11:10:14 AM,millirn_NTNU_2024,7/20/2026 11:10:14 AM,millirn_NTNU_2024,10.4125360350118,63.4177909727337
63,,9dd48f15-7843-48ef-b5e3-6d4243861e63,tettsted,30,"1 stk gangsti,ett felt",,vei,7/20/2026 12:29:53 PM,Protokol A,515,,7/20/2026 12:30:41 PM,millirn_NTNU_2024,7/20/2026 12:30:41 PM,millirn_NTNU_2024,10.4160677933457,63.4071796249895
64,,9b6397e9-5445-49b0-9db3-525129f20cf3,tettsted,40,"ett felt,fartsdamp/gate,1 stk gangsti",,vei,7/20/2026 12:46:29 PM,Protokol A,518,,7/20/2026 12:46:53 PM,millirn_NTNU_2024,7/20/2026 12:46:53 PM,millirn_NTNU_2024,10.4329581320218,63.4012060937715
